{"_wandb":{"runtime":118},"_timestamp":1.7433545243588703e+09,"train/learning_rate":7.291125901946027e-07,"_step":13,"train_samples_per_second":25.32,"train_loss":3.7930124159212464,"_runtime":16.6038408,"train/global_step":27,"train/grad_norm":1.3494410514831543,"total_flos":7.673180663808e+12,"train/mean_token_accuracy":0.5042395889759064,"train/epoch":2.756756756756757,"train/loss":3.6578,"train_runtime":17.2985,"train/num_tokens":14658,"train_steps_per_second":1.561}